symbol,entry_time,exit_time,days,n_events,gross_bps,net_bps,exit_reason
XRPUSDT,2020-01-09 00:00:00+00:00,2020-01-11 08:00:00+00:00,2.3333333333333335,8,7.0,-41.0,funding_decay
LINKUSDT,2020-01-24 00:00:00+00:00,2020-01-28 16:00:00+00:00,4.666666666666667,15,49.7075,1.7075000000000031,funding_decay
XRPUSDT,2020-01-31 08:00:00+00:00,2020-02-18 16:00:00+00:00,18.333333333333332,56,530.6197999999999,482.61979999999994,funding_decay
ETCUSDT,2020-02-06 00:00:00+00:00,2020-02-18 08:00:00+00:00,12.333333333333334,38,332.59079999999994,284.59079999999994,funding_decay
ADAUSDT,2020-02-06 16:00:00+00:00,2020-02-18 00:00:00+00:00,11.333333333333334,35,407.2370000000001,359.2370000000001,funding_decay
LINKUSDT,2020-02-07 08:00:00+00:00,2020-02-17 00:00:00+00:00,9.666666666666666,30,326.18739999999997,278.18739999999997,hard_flip
ZECUSDT,2020-02-07 16:00:00.001000+00:00,2020-02-18 16:00:00+00:00,10.999999988425925,34,444.1709,396.1709,funding_decay
XLMUSDT,2020-02-08 00:00:00+00:00,2020-02-18 16:00:00+00:00,10.666666666666666,33,321.6535,273.6535,funding_decay
ATOMUSDT,2020-02-09 08:00:00+00:00,2020-02-18 16:00:00+00:00,9.333333333333334,29,241.79240000000001,193.79240000000001,funding_decay
BCHUSDT,2020-02-10 08:00:00+00:00,2020-02-22 16:00:00+00:00,12.333333333333334,38,306.7371000000001,258.7371000000001,funding_decay
LTCUSDT,2020-02-10 16:00:00.009000+00:00,2020-02-22 08:00:00.001000+00:00,11.666666574074073,36,337.72209999999995,289.72209999999995,funding_decay
ETHUSDT,2020-02-10 16:00:00.009000+00:00,2020-02-29 16:00:00+00:00,18.999999895833334,58,430.9472000000002,382.9472000000002,funding_decay
TRXUSDT,2020-02-11 08:00:00+00:00,2020-02-17 00:00:00+00:00,5.666666666666667,18,148.26080000000002,100.26080000000002,funding_decay
BTCUSDT,2020-02-12 00:00:00+00:00,2020-02-20 16:00:00+00:00,8.666666666666666,27,146.7834,98.7834,funding_decay
BNBUSDT,2020-02-13 00:00:00.001000+00:00,2020-02-18 16:00:00+00:00,5.666666655092593,18,124.42200000000004,76.42200000000004,funding_decay
LTCUSDT,2020-07-29 08:00:00+00:00,2020-08-22 00:00:00+00:00,23.666666666666668,72,472.59100000000007,424.59100000000007,funding_decay
ZECUSDT,2020-07-29 08:00:00+00:00,2020-09-04 08:00:00+00:00,37.0,112,705.2684000000003,657.2684000000003,funding_decay
BCHUSDT,2020-07-30 00:00:00+00:00,2020-08-23 08:00:00+00:00,24.333333333333332,74,462.50190000000003,414.50190000000003,funding_decay
ATOMUSDT,2020-07-30 00:00:00+00:00,2020-08-20 16:00:00+00:00,21.666666666666668,66,515.6745000000001,467.6745000000001,funding_decay
XRPUSDT,2020-07-31 16:00:00+00:00,2020-08-21 08:00:00+00:00,20.666666666666668,63,354.7168000000001,306.7168000000001,funding_decay
ADAUSDT,2020-08-02 00:00:00+00:00,2020-08-14 16:00:00+00:00,12.666666666666666,39,288.8123999999999,240.8123999999999,funding_decay
RLCUSDT,2020-08-03 00:00:00+00:00,2020-08-05 00:00:00+00:00,2.0,7,6.0,-42.0,funding_decay
XLMUSDT,2020-08-07 00:00:00.001000+00:00,2020-08-23 08:00:00+00:00,16.33333332175926,50,404.8445,356.8445,funding_decay
XMRUSDT,2020-08-08 08:00:00+00:00,2020-08-13 16:00:00+00:00,5.333333333333333,17,83.28640000000001,35.286400000000015,funding_decay
RLCUSDT,2020-08-15 08:00:00.001000+00:00,2020-08-21 00:00:00+00:00,5.666666655092593,18,106.5154,58.5154,funding_decay
TRXUSDT,2020-08-15 16:00:00.001000+00:00,2020-08-22 00:00:00+00:00,6.333333321759259,20,104.16690000000001,56.16690000000001,funding_decay
ADAUSDT,2020-08-18 00:00:00.001000+00:00,2020-08-23 08:00:00+00:00,5.33333332175926,17,70.9777,22.9777,funding_decay
DOTUSDT,2020-08-24 16:00:00+00:00,2020-09-05 00:00:00+00:00,11.333333333333334,35,270.56010000000003,222.56010000000003,funding_decay
ETCUSDT,2020-08-30 00:00:00+00:00,2020-09-12 00:00:00.008000+00:00,13.000000092592591,40,362.35079999999994,314.35079999999994,funding_decay
RLCUSDT,2020-09-02 08:00:00.006000+00:00,2020-09-05 00:00:00+00:00,2.666666597222222,9,8.832,-39.168,funding_decay
ETCUSDT,2020-11-09 00:00:00.007000+00:00,2020-11-11 16:00:00.003000+00:00,2.6666666203703704,9,13.390199999999998,-34.6098,funding_decay
AAVEUSDT,2020-11-23 00:00:00.005000+00:00,2020-11-28 16:00:00+00:00,5.666666608796296,18,172.1433,124.14330000000001,funding_decay
DOGEUSDT,2020-11-23 08:00:00+00:00,2020-11-28 08:00:00.012000+00:00,5.000000138888889,16,75.9414,27.9414,funding_decay
ADAUSDT,2020-11-23 08:00:00+00:00,2020-11-28 16:00:00+00:00,5.333333333333333,17,103.33089999999999,55.330899999999986,funding_decay
XLMUSDT,2020-11-23 08:00:00+00:00,2020-11-28 08:00:00.012000+00:00,5.000000138888889,16,94.28480000000002,46.28480000000002,funding_decay
XRPUSDT,2020-11-23 08:00:00+00:00,2020-11-28 16:00:00+00:00,5.333333333333333,17,78.7403,30.740300000000005,funding_decay
RLCUSDT,2020-11-23 08:00:00+00:00,2020-11-28 16:00:00+00:00,5.333333333333333,17,145.43890000000002,97.43890000000002,funding_decay
LTCUSDT,2020-11-23 16:00:00.003000+00:00,2020-11-28 00:00:00.007000+00:00,4.33333337962963,14,66.7431,18.7431,funding_decay
BNBUSDT,2020-11-23 16:00:00.003000+00:00,2020-11-28 00:00:00.007000+00:00,4.33333337962963,14,72.8472,24.8472,funding_decay
TRXUSDT,2020-11-24 00:00:00+00:00,2020-11-28 08:00:00.012000+00:00,4.333333472222222,14,75.8239,27.823899999999995,funding_decay
UNIUSDT,2020-11-24 00:00:00+00:00,2020-11-28 00:00:00.007000+00:00,4.000000081018518,13,57.5159,9.515900000000002,funding_decay
BNBUSDT,2020-12-20 08:00:00.011000+00:00,2020-12-23 16:00:00+00:00,3.3333332060185183,11,32.1908,-15.809199999999997,funding_decay
RLCUSDT,2020-12-21 16:00:00+00:00,2020-12-24 16:00:00.001000+00:00,3.000000011574074,10,9.768699999999999,-38.231300000000005,funding_decay
BNBUSDT,2021-01-04 00:00:00+00:00,2021-01-12 00:00:00+00:00,8.0,25,233.7682,185.7682,funding_decay
LTCUSDT,2021-01-04 00:00:00+00:00,2021-01-13 16:00:00.003000+00:00,9.66666670138889,30,288.90810000000005,240.90810000000005,funding_decay
ATOMUSDT,2021-01-04 00:00:00+00:00,2021-01-13 08:00:00+00:00,9.333333333333334,29,325.9461,277.9461,funding_decay
ETHUSDT,2021-01-04 00:00:00+00:00,2021-01-23 08:00:00.002000+00:00,19.333333356481482,59,570.031,522.031,funding_decay
DOTUSDT,2021-01-04 00:00:00+00:00,2021-01-13 08:00:00+00:00,9.333333333333334,29,249.71749999999997,201.71749999999997,funding_decay
LINKUSDT,2021-01-04 08:00:00+00:00,2021-01-13 16:00:00.003000+00:00,9.333333368055555,29,248.95229999999998,200.95229999999998,funding_decay
BTCUSDT,2021-01-04 08:00:00+00:00,2021-01-22 16:00:00.001000+00:00,18.333333344907405,56,406.64229999999986,358.64229999999986,funding_decay
XRPUSDT,2021-01-04 08:00:00+00:00,2021-01-24 08:00:00.011000+00:00,20.000000127314813,61,527.1243,479.12429999999995,funding_decay
AVAXUSDT,2021-01-04 16:00:00+00:00,2021-01-09 16:00:00+00:00,5.0,16,69.89419999999998,21.894199999999984,funding_decay
XLMUSDT,2021-01-05 00:00:00.020000+00:00,2021-01-23 08:00:00.002000+00:00,18.333333125,56,472.046,424.046,funding_decay
RLCUSDT,2021-01-06 00:00:00.010000+00:00,2021-01-13 08:00:00+00:00,7.3333332175925925,23,205.97220000000002,157.97220000000002,funding_decay
AAVEUSDT,2021-01-06 08:00:00.003000+00:00,2021-01-13 08:00:00+00:00,6.999999965277778,22,239.6272,191.6272,funding_decay
NEARUSDT,2021-01-06 16:00:00+00:00,2021-01-13 08:00:00+00:00,6.666666666666667,21,147.85340000000002,99.85340000000002,funding_decay
ZECUSDT,2021-01-07 16:00:00.004000+00:00,2021-01-13 08:00:00+00:00,5.66666662037037,18,96.17820000000003,48.17820000000003,funding_decay
FILUSDT,2021-01-08 00:00:00+00:00,2021-01-13 08:00:00+00:00,5.333333333333333,17,121.3522,73.3522,funding_decay
ETCUSDT,2021-01-08 16:00:00+00:00,2021-01-13 08:00:00+00:00,4.666666666666667,15,109.4918,61.4918,funding_decay
UNIUSDT,2021-01-10 00:00:00+00:00,2021-01-13 08:00:00+00:00,3.3333333333333335,11,39.2993,-8.700699999999998,funding_decay
ADAUSDT,2021-01-10 08:00:00.005000+00:00,2021-01-22 08:00:00.003000+00:00,11.999999976851852,37,152.7569,104.7569,funding_decay
SOLUSDT,2021-01-11 00:00:00+00:00,2021-01-13 16:00:00.003000+00:00,2.666666701388889,9,18.238999999999997,-29.761000000000003,funding_decay
SOLUSDT,2021-01-18 16:00:00+00:00,2021-01-21 16:00:00.004000+00:00,3.000000046296296,10,23.589399999999998,-24.410600000000002,funding_decay
BNBUSDT,2021-01-19 00:00:00+00:00,2021-01-22 08:00:00.003000+00:00,3.333333368055556,11,42.07599999999999,-5.924000000000007,funding_decay
ATOMUSDT,2021-01-19 08:00:00.005000+00:00,2021-01-22 16:00:00.001000+00:00,3.333333287037037,11,32.453700000000005,-15.546299999999995,funding_decay
FILUSDT,2021-01-19 16:00:00.012000+00:00,2021-01-24 08:00:00.011000+00:00,4.666666655092593,15,72.8333,24.833299999999994,funding_decay
LINKUSDT,2021-01-19 16:00:00.012000+00:00,2021-01-27 08:00:00.011000+00:00,7.666666655092592,24,97.3081,49.308099999999996,funding_decay
XLMUSDT,2021-01-29 16:00:00+00:00,2021-02-25 00:00:00.007000+00:00,26.333333414351856,80,1174.2642,1126.2642,funding_decay
ETHUSDT,2021-01-31 08:00:00+00:00,2021-02-25 00:00:00.007000+00:00,24.666666747685188,75,838.8797000000001,790.8797000000001,funding_decay
FILUSDT,2021-01-31 08:00:00+00:00,2021-02-22 16:00:00+00:00,22.333333333333332,68,1161.1722000000002,1113.1722000000002,hard_flip
LINKUSDT,2021-01-31 08:00:00+00:00,2021-02-24 16:00:00.011000+00:00,24.33333346064815,74,1012.4438,964.4438,funding_decay
AAVEUSDT,2021-01-31 08:00:00+00:00,2021-02-22 16:00:00+00:00,22.333333333333332,68,1327.4346,1279.4346,hard_flip
XRPUSDT,2021-02-01 00:00:00.001000+00:00,2021-02-25 08:00:00+00:00,24.33333332175926,74,1041.7028999999998,993.7028999999998,funding_decay
XMRUSDT,2021-02-02 16:00:00+00:00,2021-02-24 16:00:00.011000+00:00,22.000000127314813,67,966.3847000000001,918.3847000000001,funding_decay
DOTUSDT,2021-02-03 00:00:00.009000+00:00,2021-02-24 16:00:00.011000+00:00,21.666666689814814,66,969.7387000000002,921.7387000000002,funding_decay
UNIUSDT,2021-02-03 08:00:00.006000+00:00,2021-02-25 00:00:00.007000+00:00,21.66666667824074,66,937.9228999999997,889.9228999999997,funding_decay
RLCUSDT,2021-02-03 08:00:00.006000+00:00,2021-02-24 16:00:00.011000+00:00,21.333333391203702,65,1364.0369999999991,1316.0369999999991,funding_decay
ATOMUSDT,2021-02-03 08:00:00.006000+00:00,2021-02-24 08:00:00.016000+00:00,21.00000011574074,64,733.3759999999999,685.3759999999999,funding_decay
LTCUSDT,2021-02-03 16:00:00.006000+00:00,2021-02-24 16:00:00.011000+00:00,21.00000005787037,64,890.0344,842.0344,funding_decay
ZECUSDT,2021-02-03 16:00:00.006000+00:00,2021-02-24 16:00:00.011000+00:00,21.00000005787037,64,916.5865999999999,868.5865999999999,funding_decay
BCHUSDT,2021-02-04 00:00:00.005000+00:00,2021-02-24 16:00:00.011000+00:00,20.66666673611111,63,786.5685999999998,738.5685999999998,funding_decay
SOLUSDT,2021-02-04 08:00:00+00:00,2021-02-23 00:00:00+00:00,18.666666666666668,57,743.2424000000001,695.2424000000001,hard_flip
TRXUSDT,2021-02-04 08:00:00+00:00,2021-02-17 08:00:00.010000+00:00,13.000000115740741,40,537.1657,489.1657,funding_decay
NEARUSDT,2021-02-04 08:00:00+00:00,2021-02-23 16:00:00+00:00,19.333333333333332,59,844.2468,796.2468,funding_decay
ETCUSDT,2021-02-04 16:00:00.011000+00:00,2021-02-24 16:00:00.011000+00:00,20.0,61,858.0065,810.0065,funding_decay
ADAUSDT,2021-02-05 08:00:00.004000+00:00,2021-02-17 16:00:00.008000+00:00,12.333333379629629,38,342.6974,294.6974,funding_decay
DOGEUSDT,2021-02-06 00:00:00.008000+00:00,2021-02-22 16:00:00+00:00,16.666666574074075,51,902.0282000000001,854.0282000000001,hard_flip
BTCUSDT,2021-02-08 16:00:00+00:00,2021-02-25 16:00:00.010000+00:00,17.00000011574074,52,522.035,474.03499999999997,funding_decay
BNBUSDT,2021-02-10 00:00:00.009000+00:00,2021-02-24 08:00:00.016000+00:00,14.333333414351852,44,620.3994999999999,572.3994999999999,hard_flip
AVAXUSDT,2021-02-13 00:00:00.001000+00:00,2021-02-16 00:00:00.001000+00:00,3.0,10,183.27350000000004,135.27350000000004,hard_flip
AVAXUSDT,2021-02-16 08:00:00+00:00,2021-02-16 16:00:00.010000+00:00,0.33333344907407403,2,-11.1457,-59.1457,hard_flip
ADAUSDT,2021-02-19 00:00:00.010000+00:00,2021-02-22 16:00:00+00:00,3.666666550925926,12,169.899,121.899,hard_flip
AVAXUSDT,2021-02-19 08:00:00.002000+00:00,2021-02-22 16:00:00+00:00,3.3333333101851856,11,95.83000000000001,47.83000000000001,hard_flip
TRXUSDT,2021-02-20 00:00:00+00:00,2021-02-23 16:00:00+00:00,3.6666666666666665,12,57.426100000000005,9.426100000000005,hard_flip
DOGEUSDT,2021-02-23 00:00:00+00:00,2021-02-24 16:00:00.011000+00:00,1.6666667939814814,6,-15.953000000000003,-63.953,hard_flip
AAVEUSDT,2021-02-23 00:00:00+00:00,2021-02-24 08:00:00.016000+00:00,1.3333335185185184,5,4.0,-44.0,funding_decay
ADAUSDT,2021-02-23 00:00:00+00:00,2021-02-23 16:00:00+00:00,0.6666666666666666,3,2.0,-46.0,funding_decay
AVAXUSDT,2021-03-09 16:00:00+00:00,2021-04-18 08:00:00.004000+00:00,39.666666712962964,120,1658.5361000000005,1610.5361000000005,hard_flip
XLMUSDT,2021-03-09 16:00:00+00:00,2021-03-27 16:00:00.001000+00:00,18.000000011574073,55,514.8148999999997,466.81489999999974,funding_decay
ATOMUSDT,2021-03-10 00:00:00.009000+00:00,2021-03-25 16:00:00+00:00,15.6666665625,48,394.9008999999999,346.9008999999999,funding_decay
SOLUSDT,2021-03-10 00:00:00.009000+00:00,2021-03-21 16:00:00+00:00,11.6666665625,36,260.89790000000005,212.89790000000005,funding_decay
DOTUSDT,2021-03-10 08:00:00.006000+00:00,2021-03-25 16:00:00+00:00,15.333333263888889,47,337.40470000000005,289.40470000000005,funding_decay
UNIUSDT,2021-03-10 16:00:00.008000+00:00,2021-03-24 16:00:00+00:00,13.999999907407409,43,345.71540000000005,297.71540000000005,funding_decay
AAVEUSDT,2021-03-10 16:00:00.008000+00:00,2021-04-18 08:00:00.004000+00:00,38.66666662037037,117,1395.5267999999999,1347.5267999999999,hard_flip
ADAUSDT,2021-03-12 00:00:00.002000+00:00,2021-04-20 16:00:00.001000+00:00,39.66666665509259,120,1337.4887,1289.4887,funding_decay
BNBUSDT,2021-03-12 00:00:00.002000+00:00,2021-03-25 00:00:00+00:00,12.99999997685185,40,248.29250000000005,200.29250000000005,funding_decay
COTIUSDT,2021-03-13 00:00:00+00:00,2021-03-27 16:00:00.001000+00:00,14.66666667824074,45,350.73659999999995,302.73659999999995,funding_decay
DOGEUSDT,2021-03-14 00:00:00.011000+00:00,2021-03-25 16:00:00+00:00,11.666666539351851,36,296.81600000000003,248.81600000000003,funding_decay
RLCUSDT,2021-03-20 00:00:00+00:00,2021-03-25 16:00:00+00:00,5.666666666666667,18,114.6958,66.6958,funding_decay
HBARUSDT,2021-03-20 16:00:00.007000+00:00,2021-03-24 00:00:00.002000+00:00,3.3333332754629628,11,29.485600000000005,-18.514399999999995,funding_decay
XMRUSDT,2021-03-20 16:00:00.007000+00:00,2021-03-25 16:00:00+00:00,4.999999918981482,16,72.27779999999998,24.277799999999985,funding_decay
XLMUSDT,2021-03-30 08:00:00.012000+00:00,2021-04-20 08:00:00+00:00,20.99999986111111,64,980.407,932.407,funding_decay
COTIUSDT,2021-03-30 08:00:00.012000+00:00,2021-04-20 16:00:00.001000+00:00,21.33333320601852,65,1026.3943999999997,978.3943999999997,funding_decay
UNIUSDT,2021-03-30 16:00:00.001000+00:00,2021-04-20 16:00:00.001000+00:00,21.0,64,762.0589,714.0589,funding_decay
ATOMUSDT,2021-03-31 00:00:00+00:00,2021-04-20 16:00:00.001000+00:00,20.66666667824074,63,923.6951999999997,875.6951999999997,funding_decay
HBARUSDT,2021-03-31 00:00:00+00:00,2021-04-20 16:00:00.001000+00:00,20.66666667824074,63,941.2896999999999,893.2896999999999,funding_decay
XMRUSDT,2021-03-31 16:00:00+00:00,2021-04-20 08:00:00+00:00,19.666666666666668,60,593.9895,545.9895,funding_decay
XRPUSDT,2021-04-01 00:00:00.025000+00:00,2021-04-20 16:00:00.001000+00:00,19.66666638888889,60,848.3175000000001,800.3175000000001,funding_decay
RLCUSDT,2021-04-01 08:00:00.011000+00:00,2021-04-20 16:00:00.001000+00:00,19.333333217592592,59,790.3236999999999,742.3236999999999,funding_decay
DOTUSDT,2021-04-01 08:00:00.011000+00:00,2021-04-20 16:00:00.001000+00:00,19.333333217592592,59,784.4239999999998,736.4239999999998,funding_decay
NEARUSDT,2021-04-01 16:00:00.004000+00:00,2021-04-20 16:00:00.001000+00:00,18.999999965277777,58,697.1069,649.1069,funding_decay
LTCUSDT,2021-04-01 16:00:00.004000+00:00,2021-04-21 00:00:00.013000+00:00,19.333333437500002,59,746.5033000000001,698.5033000000001,funding_decay
TRXUSDT,2021-04-02 00:00:00+00:00,2021-04-20 08:00:00+00:00,18.333333333333332,56,752.2912,704.2912,funding_decay
DOGEUSDT,2021-04-02 08:00:00+00:00,2021-04-16 16:00:00.002000+00:00,14.333333356481482,44,540.134,492.134,hard_flip
LINKUSDT,2021-04-02 16:00:00+00:00,2021-04-20 16:00:00.001000+00:00,18.000000011574073,55,672.1368000000001,624.1368000000001,funding_decay
ZECUSDT,2021-04-03 00:00:00.003000+00:00,2021-04-20 16:00:00.001000+00:00,17.666666643518518,54,521.8999000000001,473.8999000000001,funding_decay
ETCUSDT,2021-04-03 00:00:00.003000+00:00,2021-04-06 16:00:00.003000+00:00,3.6666666666666665,12,49.11760000000001,1.1176000000000101,funding_decay
SOLUSDT,2021-04-03 16:00:00+00:00,2021-04-09 08:00:00.004000+00:00,5.6666667129629635,18,78.63499999999999,30.63499999999999,funding_decay
ETHUSDT,2021-04-03 16:00:00+00:00,2021-04-20 16:00:00.001000+00:00,17.000000011574073,52,398.20340000000004,350.20340000000004,funding_decay
BCHUSDT,2021-04-03 16:00:00+00:00,2021-04-20 08:00:00+00:00,16.666666666666668,51,378.41619999999995,330.41619999999995,funding_decay
FILUSDT,2021-04-03 16:00:00+00:00,2021-04-18 08:00:00.004000+00:00,14.666666712962963,45,425.6682,377.6682,hard_flip
ETCUSDT,2021-04-11 16:00:00+00:00,2021-04-20 16:00:00.001000+00:00,9.000000011574075,28,254.71129999999997,206.71129999999997,funding_decay
BNBUSDT,2021-04-12 08:00:00.001000+00:00,2021-04-20 08:00:00+00:00,7.999999988425925,25,313.8278,265.8278,funding_decay
BTCUSDT,2021-04-13 00:00:00.003000+00:00,2021-04-20 16:00:00.001000+00:00,7.666666643518519,24,153.6945,105.6945,funding_decay
SOLUSDT,2021-04-15 08:00:00+00:00,2021-04-18 08:00:00.004000+00:00,3.000000046296296,10,64.0681,16.0681,hard_flip
AAVEUSDT,2021-04-18 16:00:00+00:00,2021-04-20 08:00:00+00:00,1.6666666666666667,6,6.6937999999999995,-41.306200000000004,funding_decay
AVAXUSDT,2021-04-18 16:00:00+00:00,2021-04-20 16:00:00.001000+00:00,2.000000011574074,7,7.609999999999999,-40.39,funding_decay
FILUSDT,2021-04-18 16:00:00+00:00,2021-04-20 00:00:00.004000+00:00,1.3333333796296296,5,4.0,-44.0,funding_decay
XRPUSDT,2021-05-06 16:00:00+00:00,2021-05-13 16:00:00.008000+00:00,7.000000092592593,22,143.5665,95.56649999999999,funding_decay
TRXUSDT,2021-05-07 08:00:00+00:00,2021-05-13 16:00:00.008000+00:00,6.333333425925926,20,113.51610000000001,65.51610000000001,funding_decay
DOTUSDT,2021-05-07 16:00:00.001000+00:00,2021-05-13 08:00:00+00:00,5.666666655092593,18,66.81949999999999,18.81949999999999,funding_decay
LTCUSDT,2021-05-08 08:00:00+00:00,2021-05-13 08:00:00+00:00,5.0,16,73.96560000000001,25.96560000000001,funding_decay
FILUSDT,2021-05-09 00:00:00.005000+00:00,2021-05-13 16:00:00.008000+00:00,4.666666701388889,15,64.4399,16.439899999999994,funding_decay
1000SHIBUSDT,2021-08-16 16:00:00.010000+00:00,2021-08-19 16:00:00+00:00,2.999999884259259,10,24.6787,-23.3213,funding_decay
1000SHIBUSDT,2021-09-04 08:00:00.008000+00:00,2021-09-07 16:00:00.001000+00:00,3.333333252314815,11,-19.84450000000001,-67.84450000000001,hard_flip
AVAXUSDT,2021-09-06 00:00:00.003000+00:00,2021-09-07 16:00:00.001000+00:00,1.6666666435185185,6,-2.837700000000005,-50.837700000000005,hard_flip
DOGEUSDT,2021-09-06 08:00:00.008000+00:00,2021-09-07 16:00:00.001000+00:00,1.333333252314815,5,-15.231200000000001,-63.2312,hard_flip
1000SHIBUSDT,2021-11-10 16:00:00.001000+00:00,2021-11-18 00:00:00.017000+00:00,7.333333518518518,23,78.85749999999999,30.857499999999987,funding_decay
1000BONKUSDT,2023-11-25 16:00:00+00:00,2023-11-28 20:00:00+00:00,3.1666666666666665,20,155.5741,107.57409999999999,funding_decay
1000BONKUSDT,2023-12-11 00:00:00+00:00,2023-12-12 04:00:00+00:00,1.1666666666666667,8,17.1329,-30.8671,funding_decay
1000PEPEUSDT,2024-02-28 00:00:00+00:00,2024-03-20 08:00:00.004000+00:00,21.33333337962963,65,592.8024,544.8024,funding_decay
FETUSDT,2024-03-03 00:00:00+00:00,2024-03-18 16:00:00.001000+00:00,15.66666667824074,48,356.58200000000005,308.58200000000005,funding_decay
WLDUSDT,2024-03-03 16:00:00+00:00,2024-03-18 00:00:00+00:00,14.333333333333334,44,298.5464999999999,250.54649999999992,funding_decay
SUIUSDT,2024-03-04 16:00:00+00:00,2024-03-17 16:00:00+00:00,13.0,40,239.24790000000007,191.24790000000007,funding_decay
1000BONKUSDT,2024-03-05 08:00:00+00:00,2024-03-07 08:00:00+00:00,2.0,13,44.14170000000001,-3.8582999999999927,funding_decay
ONDOUSDT,2024-03-05 16:00:00+00:00,2024-03-17 04:00:00+00:00,11.5,70,418.77169999999984,370.77169999999984,funding_decay
XMRUSDT,2024-03-31 00:00:00+00:00,2024-04-04 08:00:00+00:00,4.333333333333333,14,80.468,32.468,funding_decay
XMRUSDT,2024-12-03 08:00:00+00:00,2024-12-12 00:00:00.001000+00:00,8.666666678240741,27,296.9224,248.92239999999998,funding_decay
TRUMPUSDT,2025-01-20 00:00:00+00:00,2025-01-21 04:00:00+00:00,1.1666666666666667,8,17.035700000000002,-30.964299999999998,funding_decay
XMRUSDT,2025-05-03 16:00:00+00:00,2025-05-06 16:00:00+00:00,3.0,10,95.1872,47.187200000000004,hard_flip
XMRUSDT,2025-05-07 00:00:00.002000+00:00,2025-05-08 16:00:00.002000+00:00,1.6666666666666667,6,-9.2399,-57.2399,hard_flip
PUMPUSDT,2025-06-13 12:00:00+00:00,2025-06-15 00:00:00.005000+00:00,1.5000000578703705,10,4.5,-43.5,funding_decay
BULLAUSDT,2025-07-12 08:00:00.001000+00:00,2025-07-13 08:00:00.001000+00:00,1.0,7,8.6574,-39.3426,funding_decay
XMRUSDT,2025-08-18 00:00:00+00:00,2025-08-21 00:00:00.006000+00:00,3.0000000694444444,10,25.4035,-22.5965,funding_decay
BULLAUSDT,2025-09-25 12:00:00+00:00,2025-09-30 12:00:00+00:00,5.0,31,169.178,121.178,funding_decay
XMRUSDT,2025-11-10 00:00:00+00:00,2025-11-12 16:00:00+00:00,2.6666666666666665,9,14.1211,-33.8789,funding_decay
BULLAUSDT,2025-12-11 16:00:00+00:00,2025-12-14 16:00:00.005000+00:00,3.0000000578703703,19,94.51599999999999,46.51599999999999,funding_decay
BULLAUSDT,2026-01-04 04:00:00+00:00,2026-01-08 16:00:00+00:00,4.5,28,330.71009999999995,282.71009999999995,funding_decay
BULLAUSDT,2026-01-15 16:00:00.002000+00:00,2026-01-23 00:00:00.005000+00:00,7.3333333680555555,45,300.17259999999993,252.17259999999993,funding_decay
BULLAUSDT,2026-02-02 01:00:00+00:00,2026-02-02 22:00:00+00:00,0.875,22,177.40980000000002,129.40980000000002,funding_decay
BULLAUSDT,2026-03-01 00:00:00.005000+00:00,2026-03-10 00:00:00.012000+00:00,9.000000081018518,55,339.3012999999999,291.3012999999999,funding_decay
BULLAUSDT,2026-03-11 08:00:00.007000+00:00,2026-04-07 00:00:00+00:00,26.666666585648144,161,1066.0705999999996,1018.0705999999996,funding_decay
KOMAUSDT,2026-04-03 08:00:00.008000+00:00,2026-04-04 20:00:00+00:00,1.4999999074074073,10,10.836500000000001,-37.1635,funding_decay
BULLAUSDT,2026-04-20 16:00:00.001000+00:00,2026-04-26 00:00:00.003000+00:00,5.333333356481481,33,178.5047,130.5047,funding_decay
ESPORTSUSDT,2026-05-26 20:00:00+00:00,2026-06-02 20:00:00+00:00,7.0,43,883.5721000000001,835.5721000000001,hard_flip
ESPORTSUSDT,2026-06-03 00:00:00.013000+00:00,2026-06-08 00:00:00+00:00,4.999999849537037,31,246.09870000000004,198.09870000000004,hard_flip
ESPORTSUSDT,2026-06-11 04:00:00+00:00,2026-06-12 08:00:00+00:00,1.1666666666666667,8,211.22839999999997,163.22839999999997,hard_flip
ESPORTSUSDT,2026-06-12 12:00:00+00:00,2026-06-13 04:00:00+00:00,0.6666666666666666,5,-29.8521,-77.85210000000001,hard_flip
ESPORTSUSDT,2026-06-18 00:00:00.002000+00:00,2026-06-18 08:00:00+00:00,0.3333333101851852,3,-44.7769,-92.7769,hard_flip
ESPORTSUSDT,2026-06-19 10:00:00.002000+00:00,2026-06-22 21:00:00.002000+00:00,3.4583333333333335,84,511.1967999999998,463.1967999999998,funding_decay
ESPORTSUSDT,2026-07-09 16:00:00.001000+00:00,2026-07-11 08:00:00+00:00,1.6666666550925928,11,27.869999999999997,-20.130000000000003,funding_decay
