symbol,n_trades,win_rate,expectancy_r,trade_sharpe,ci_lower,ci_upper,is_starred,ann_R,total_R,volume_24h
ENAUSDT,9,0.6666666666666666,1.145494002820456,3.462093448647359,0.012900608020347561,2.3553000008495606,True,7.064775160922222,10.309446025384105,491824976.19789
SAGAUSDT,7,0.7142857142857143,0.7720877849102499,3.348315426060674,-0.13395344652575938,1.775094281829686,False,3.745797806583077,5.404614494371749,15396287.242909
PENDLEUSDT,12,0.6666666666666666,1.1505809122087813,3.2299122198155192,0.15988172335700504,2.379926021265389,True,6.120140944430933,13.806970946505375,44868649.2158
IDUSDT,14,0.5714285714285714,0.9437567600044681,2.2502800361809894,-0.08730230359675906,2.2312074847040786,False,5.178004498157562,13.212594640062553,11570832.81818
FETUSDT,29,0.41379310344827586,2.6196034347438863,2.028809543419842,0.27909563143491667,5.551052361761028,True,13.866813833916009,75.96849960757271,137246053.3161
GALAUSDT,21,0.42857142857142855,1.0078690881249477,1.8826891553365346,-0.07805600806902928,2.4548796988387136,False,5.119607863039986,21.165250850623902,20143023.1363571
ALGOUSDT,32,0.375,1.1570345698561673,1.732553247205742,0.01607611105211812,2.598109836213089,True,6.658503226232833,37.02510623539735,37555002.9189
ETHUSDT,30,0.5333333333333333,1.7540034357145273,1.6572150804270986,0.2035071300263081,4.314196198650305,True,9.509892452667954,52.62010307143582,18502258521.48
SOLUSDT,31,0.3548387096774194,2.7168538965690705,1.575667648385641,-0.24517683672298224,6.174598233171604,False,16.063842014296313,84.22247079364118,3399159419.3502
AXSUSDT,26,0.34615384615384615,2.2338855786177123,1.5735108700508051,-0.18430111389775905,5.757311695914275,False,11.75296088495463,58.081025044060524,17702370.584
EGLDUSDT,24,0.5416666666666666,3.288647112244196,1.562164760868897,0.14600201014716238,8.822685375462202,True,15.490747225111566,78.9275306938607,8124853.025
AVAXUSDT,31,0.3548387096774194,1.782756088051422,1.533684116160427,-0.22042753515788407,4.167440169837149,False,10.911189997829316,55.26543872959408,175443774.737
CAKEUSDT,24,0.4166666666666667,0.7196155819371416,1.5330369776869501,-0.19943838854046295,1.8484846442218223,False,3.6675291809656874,17.270773966491397,12581531.2641
ROSEUSDT,24,0.4583333333333333,1.2094561267060593,1.4990016197994322,-0.1709347678341367,3.2388710295516483,False,6.044522466764718,29.026947040945423,9853147.36819
ADAUSDT,36,0.3055555555555556,1.797290863496623,1.483143667704423,0.006061659942063279,4.235834812457325,True,11.578920903536059,64.70247108587843,419425522.3975
THETAUSDT,35,0.37142857142857144,1.0079376245572667,1.4764310608494042,-0.06415517229958866,2.3692056626610314,False,6.218736779890906,35.277816859504334,8498476.8689
TRXUSDT,30,0.43333333333333335,0.6777284856062215,1.4616156144710357,-0.1338614212705804,1.56386846653541,False,3.6564302713097843,20.331854568186642,91078340.5796
RUNEUSDT,31,0.41935483870967744,1.1526045187152882,1.4207954254306714,-0.12777210701526312,2.944801212533825,False,6.92342324365174,35.73074008017394,8122967.1293
JASMYUSDT,22,0.36363636363636365,0.6769394573462137,1.4200550270529233,-0.22538438001336528,1.9603691550745612,False,3.844202833572792,14.892668061616703,9082347.667054
ATOMUSDT,32,0.34375,0.6073300929298808,1.407255252281002,-0.15750272739501384,1.409133558074631,False,3.4985086871189983,19.434562973756186,28585581.979
SUIUSDT,19,0.3684210526315789,0.8622483098276058,1.388119753561254,-0.37159721780659244,2.685599066882657,False,6.776656521094143,16.38271788672451,426104415.52338
BNBUSDT,32,0.40625,2.481739471453456,1.353582342782196,-0.13987089605626005,6.498448076122413,False,14.184142270096817,79.41566308651059,1026384935.831
STXUSDT,35,0.34285714285714286,0.7342481835130882,1.3392507917712198,-0.11844358558793813,1.7703830647056602,False,4.589948760873076,25.698686422958087,12188032.0782
SANDUSDT,32,0.3125,2.000271634292736,1.2997873323830609,-0.22709671678383095,5.440815416727793,False,12.343809325033526,64.00869229736755,16290628.52901
MANAUSDT,30,0.4,1.4183408741188535,1.2997346296646621,-0.17814001081224576,3.9569007295671814,False,8.205633647390357,42.5502262235656,8488039.4534
SUSHIUSDT,31,0.45161290322580644,0.9512048266825798,1.2813134669711905,-0.16659412714880506,2.4889403671622876,False,5.698547328740836,29.487349627159972,35040619.4281
NEARUSDT,30,0.36666666666666664,1.0647778758610602,1.2400046800195104,-0.3344344844486962,2.916338664959445,False,6.382551189686853,31.943336275831808,923173059.053
NEOUSDT,33,0.42424242424242425,0.5704486694130129,1.2096478881296868,-0.1935160068479989,1.518301212471747,False,3.326444327335461,18.824806090629426,7127168.967
BTCUSDT,34,0.4117647058823529,1.2158412136873964,1.201475430098991,-0.21876261572347294,3.324217805397363,False,7.394184188137578,41.33860126537148,30420487395.35
TONUSDT,7,0.2857142857142857,0.48263864035807486,1.198327966781018,-0.8702835104442188,2.260045614324921,False,2.995112484794922,3.378470482506524,235694521.51492
VETUSDT,38,0.39473684210526316,0.8356112139642784,1.1145524523757426,-0.2469002765777701,2.279658717024818,False,5.616399924560388,31.753226130642577,9490244.332333
INJUSDT,34,0.4117647058823529,0.5606472734084252,1.1021270120001705,-0.23984258213371165,1.6176711266573216,False,3.7983623376009437,19.06200729588646,127625524.7187
ARUSDT,28,0.32142857142857145,0.6855978595625251,1.0807847299992581,-0.39490871426462176,2.2107602901552235,False,4.448990678772808,19.196740067750703,44524920.991
ENJUSDT,31,0.4838709677419355,1.8052587588717242,1.0704073717447629,-0.15605462244344104,5.368478898946175,False,9.908140383914112,55.96302152502345,6757922.81506
DOTUSDT,32,0.4375,0.9200973788678543,1.055014344783373,-0.2899227115608519,2.8107123896754342,False,5.744710557803142,29.443116123771336,130587284.559
SEIUSDT,18,0.3333333333333333,0.8572242290040738,1.0333693634995322,-0.5563071929016472,3.287297867739019,False,7.106961782581694,15.430036122073329,44530307.37067
GRTUSDT,30,0.4,0.33456358351202786,0.9957419316752206,-0.24629397665156808,1.067416765636773,False,2.050324645600137,10.036907505360835,9456885.91928
ARKMUSDT,16,0.3125,0.6039581830117576,0.9938111180820579,-0.6271559183263486,2.5981608944354533,False,4.176960498841079,9.663330928188122,17380335.8509
DOGEUSDT,38,0.3157894736842105,1.0932723494624468,0.9797464171522037,-0.3111233501906913,3.2462327881089603,False,7.523090517780878,41.54434927957298,777720201.38474
HBARUSDT,39,0.3076923076923077,0.8206662677993123,0.9291180630832763,-0.4316352996487594,2.4921729008953726,False,5.705312746820036,32.00598444417318,58519525.66892
ICPUSDT,24,0.3333333333333333,0.863739088162128,0.9001048505242243,-0.5162703997960487,3.238295130318872,False,4.776994856043667,20.72973811589107,91922566.075
ALTUSDT,12,0.3333333333333333,0.28121503931573505,0.8834240662449848,-0.6317686784120822,1.3762199166533955,False,1.9410480587730183,3.3745804717888204,7976689.356913
ETCUSDT,32,0.34375,1.7033981376021834,0.8719751867315374,-0.485731547028412,5.802603046036029,False,9.73560754635419,54.50874040326987,45057593.101
CHZUSDT,36,0.3611111111111111,1.8279477095148593,0.8685331365948107,-0.41944712312408866,5.9680540300823814,False,11.91655152821561,65.80611754253493,62169061.25064
WIFUSDT,10,0.5,0.1774457551130883,0.8561584239774023,-0.5118887977383697,0.9131262578606432,False,1.1913981995414615,1.774457551130883,68013139.85376
DUSKUSDT,38,0.42105263157894735,0.5528917001481539,0.8454836651761927,-0.3203192149598844,1.816162376399159,False,3.840770947050202,21.00988460562985,6854786.60414
LINKUSDT,37,0.32432432432432434,0.5525667894946265,0.7492749014738131,-0.41998328251457295,2.152254381667686,False,3.6713499188435375,20.44497121130118,213630115.537
APEUSDT,21,0.38095238095238093,0.2542040230394409,0.7490014374262276,-0.4659614961451374,1.1397459014172266,False,1.8411788552580468,5.338284483828259,19138515.83
XLMUSDT,36,0.2777777777777778,1.0606425724275288,0.7453916742191133,-0.5159604100061157,3.8932253421317338,False,6.826426424302289,38.18313260739104,278681250.35211
XRPUSDT,37,0.2972972972972973,0.4776662917415198,0.7304913767865701,-0.5059603007253026,1.7931420697212626,False,3.1893783019603923,17.673652794436233,1090295745.0974
TRBUSDT,32,0.375,0.7097190856297594,0.7117467123909371,-0.47883424779684347,2.8498670021337826,False,4.431194803867857,22.7110107401523,8707425.425
ZECUSDT,36,0.2222222222222222,1.408542035451389,0.7100807910976344,-0.7013894358576157,5.298393219267786,False,9.159702880390856,50.70751327625,2300297483.54
OPUSDT,20,0.35,0.3558710861283437,0.657443352689465,-0.6128821795714957,1.8097882109445287,False,2.4363995165581547,7.117421722566875,64347836.79961
PORTALUSDT,11,0.45454545454545453,0.128004128670754,0.5971724188726403,-0.5161546534077095,0.8932874998783201,False,0.8571476466115365,1.408045415378294,52107932.38735
CFXUSDT,27,0.4074074074074074,0.17507051489934589,0.5920867364826841,-0.38564486789534147,0.8417434919977006,False,1.0319794682059917,4.726903902282339,9531075.72133
WUSDT,8,0.375,0.1495519925019666,0.5818934241241219,-0.7495565517424788,1.1531696879339044,False,0.7653080947298536,1.1964159400157328,18893817.977235
GMTUSDT,23,0.391304347826087,0.20330725757021936,0.5812391553744044,-0.5109965953894381,1.0740187323415245,False,1.671167753456967,4.676066924115045,11467141.89921
NOTUSDT,10,0.4,0.18658423456261244,0.5631508511809906,-0.7586642563247935,1.4227947705981434,False,1.3548686217493875,1.8658423456261244,11444171.9188316
IOTAUSDT,41,0.24390243902439024,0.31678338019981395,0.5283787701255275,-0.5119099666724031,1.4386072352027053,False,2.2950703020499583,12.988118588192371,9910475.5963
UNIUSDT,33,0.30303030303030304,0.3388764372634895,0.49932505283214595,-0.5605132572781809,1.7987036274262416,False,2.3011619253217774,11.182922429695154,86702314.696
TIAUSDT,13,0.46153846153846156,0.1289052664369039,0.49637266577892164,-0.5561497177321182,0.9791315997369531,False,0.8536602947824672,1.6757684636797507,39284980.3664
CRVUSDT,32,0.375,0.18354710823809178,0.4854807771652246,-0.4238459853613773,1.012019246108748,False,1.1362810387112376,5.873507463618937,32296064.57573
MEMEUSDT,12,0.3333333333333333,0.08921620051454655,0.44624957075542454,-0.4635755372588237,0.7766191217526928,False,0.540103048142621,1.0705944061745587,34718197.2985469
DASHUSDT,35,0.4,0.12166155119705875,0.37583244738387894,-0.369400399524065,0.7718400554739069,False,0.7882873061912822,4.258154291897056,61786874.94
ETHFIUSDT,13,0.38461538461538464,0.08910989222545099,0.3455979651932299,-0.620881052117631,0.9167923035718251,False,0.7040200428610611,1.158428598930863,23323298.90097
FILUSDT,34,0.3235294117647059,0.12984897927439734,0.2908859042329925,-0.5225854250251142,1.0526368994235815,False,0.9043912221643878,4.41486529532951,230231509.377
STORJUSDT,34,0.3235294117647059,0.15791200048760282,0.2547872057073898,-0.6039914324500574,1.487939757576756,False,1.0716011901941507,5.369008016578496,7259245.6859
COMPUSDT,35,0.34285714285714286,0.09008548987774327,0.2412438895328062,-0.49240525161268145,0.8590042184362254,False,0.6001200527486193,3.1529921457210146,9004119.96
ZENUSDT,37,0.21621621621621623,0.10547530922217269,0.20685167639202628,-0.6110919558183809,1.1390767010999001,False,0.7459025105472251,3.9025864412203894,16757719.952
BCHUSDT,33,0.30303030303030304,0.07278954018985083,0.17394046253842313,-0.5821541105439709,0.9167665115351259,False,0.450385279924702,2.4020548262650774,217927428.4
ONTUSDT,38,0.34210526315789475,0.01312493209359456,0.043088336809759285,-0.4899955200773896,0.5966470152205667,False,0.08960526069505445,0.4987474195565933,6833628.8363
AAVEUSDT,35,0.2571428571428571,0.003390504722103917,0.007391777540117743,-0.6099945245336806,1.0377371280644083,False,0.024066276924595193,0.11866766527363709,93042763.852
ENSUSDT,25,0.36,-0.008967827594970012,-0.03417201045963507,-0.5004162902347713,0.5966572219452188,False,-0.056087312141486254,-0.22419568987425031,9188960.258
WLDUSDT,20,0.25,-0.017311955911175826,-0.06455593346533833,-0.6092668925567648,0.7104088803705945,False,-0.15788244435847618,-0.3462391182235165,1291893097.1067
LTCUSDT,34,0.29411764705882354,-0.08959622285399955,-0.2723753300934675,-0.5835230236440099,0.609824180751784,False,-0.5521839670036692,-3.0462715770359847,127688245.8
APTUSDT,21,0.38095238095238093,-0.06875300254904967,-0.3012341772239715,-0.5640180036249068,0.5267033732021713,False,-0.534840484586053,-1.443813053530043,69706325.67012
BATUSDT,40,0.3,-0.1275967338428524,-0.3416792021304152,-0.6087403579495824,0.6307658269973698,False,-0.909803944091788,-5.103869353714096,7668283.272
DYDXUSDT,24,0.3333333333333333,-0.0742183648017477,-0.414517612535248,-0.4414013931654458,0.3783131681703308,False,-0.4363502252529312,-1.781240755241945,16020862.17929
BOMEUSDT,10,0.2,-0.13160940932710777,-0.5020663343451583,-0.9059516488725845,0.9067455952228042,False,-0.8918429824995568,-1.3160940932710776,8845210.5680595
EDUUSDT,17,0.29411764705882354,-0.13168159323965956,-0.5172580038232273,-0.7134242565025464,0.5964242537405158,False,-0.9507487590969257,-2.2385870850742124,11089122.74972
PYTHUSDT,13,0.5384615384615384,-0.0999232099168483,-0.5966423998740907,-0.5880307084707816,0.43785424661832373,False,-0.772736777667223,-1.2990017289190279,13626139.50883
JTOUSDT,13,0.3076923076923077,-0.17171612562856203,-0.6254256886831512,-0.8373033756663221,0.7653572662649565,False,-1.2335114879210585,-2.2323096331713064,67880687.3484
LDOUSDT,20,0.3,-0.1317968046463457,-0.6476481398395291,-0.5776914475673428,0.3735998979835442,False,-0.9091365986228095,-2.6359360929269138,32111923.3962
STRKUSDT,14,0.21428571428571427,-0.22510964899046182,-0.9479314984449747,-0.8257501333076345,0.5544432038019075,False,-1.9643313824449258,-3.1515350858664655,23752890.125388
ARBUSDT,22,0.3181818181818182,-0.19967880540116037,-0.9680469416845805,-0.6486744539211312,0.27451745563341184,False,-1.7105746703635651,-4.392933718825528,64282799.84641
XMRUSDT,27,0.18518518518518517,-0.3306210957482343,-1.0946992108449765,-0.7840738119258052,0.38942997771926346,False,-2.3974283757317276,-8.926769585202326,64798981.57
QNTUSDT,28,0.25,-0.35847821763005067,-2.102018610049452,-0.6946183115907298,0.019981535017786073,False,-2.4737899674106125,-10.037390093641418,7167406.39
JUPUSDT,14,0.14285714285714285,-0.479226285823445,-2.1988919266563656,-0.9685360564275746,0.2423419837491206,False,-3.86517919961859,-6.70916800152823,30067488.4988
TAOUSDT,15,0.3333333333333333,-0.3584618714569347,-2.4933874767337745,-0.7269425880799807,0.06666265760788283,False,-3.4214686032137305,-5.376928071854021,215161007.95
LPTUSDT,27,0.18518518518518517,-0.46138549388947114,-3.0226396818743515,-0.7446448845386571,-0.11174752903837629,False,-2.8437927464778077,-12.457408335015721,7592808.32
ORDIUSDT,18,0.16666666666666666,-0.5286995358246193,-3.111046078859411,-0.918746618118163,-0.03422927746805291,False,-4.9164569989801405,-9.516591644843146,32692350.3994
STGUSDT,27,0.2222222222222222,-0.5825163535095677,-4.787913069899938,-0.8129085386036241,-0.3144089380646666,False,-5.486753246631308,-15.727941544758327,14426538.7001
